,do,da,dz,db,iter,recon_loss,act_mse,obs_mse,noi_mse
0,128,2,1,1,0,1.5434504747390747,0.9572437405586243,0.0013679098337888718,1.0
1,128,2,1,1,1000,0.07043170928955078,0.5286775827407837,0.009746311232447624,1.0
2,128,2,1,1,2000,0.016091840341687202,0.4997851550579071,0.7374060153961182,1.0
3,128,2,1,1,3000,0.015807442367076874,0.49996182322502136,0.965632975101471,1.0
4,128,2,1,1,4000,0.01563248597085476,0.5026299357414246,0.9569948315620422,1.0
5,128,2,1,1,5000,0.01485060341656208,0.5168095827102661,0.9535418152809143,1.0
6,128,2,1,1,6000,0.013301665894687176,0.5024121403694153,0.9480046629905701,1.0
7,128,2,1,1,7000,0.010747424326837063,0.49591511487960815,0.9497419595718384,1.0
8,128,2,1,1,8000,0.009153254330158234,0.5051829814910889,0.956963300704956,1.0
