,do,da,dz,db,iter,recon_loss,act_mse,obs_mse,noi_mse
0,128,2,1,1,0,1.54253089427948,0.9444642066955566,0.0012404490262269974,1.0
