,do,da,dz,sigma,iter,recon_loss,act_mse,obs_mse,noi_mse
0,128,8,2,0.0,0,1.5580013990402222,0.9293725490570068,0.00583718391135335,1.0
1,128,8,2,0.0,1000,0.10376428067684174,0.749751627445221,0.021672192960977554,1.0
2,128,8,2,0.0,2000,0.059649303555488586,0.751287579536438,0.7621351480484009,1.0
3,128,8,2,0.0,3000,0.057393353432416916,0.750432550907135,0.8974355459213257,1.0
4,128,8,2,0.0,4000,0.054470743983983994,0.7497470378875732,0.8921529650688171,1.0
