,do,da,dz,db,sigma,iter,recon_loss,act_mse,obs_mse,noi_mse
0,128,8,2,8,0.5,0,1.5796180963516235,0.8500761985778809,0.012319301255047321,0.9754159450531006
1,128,8,2,8,0.5,1000,0.11967896670103073,0.7713384032249451,0.02045349031686783,0.963327169418335
2,128,8,2,8,0.5,2000,0.0761452317237854,0.7776988744735718,0.7109333872795105,0.9997693300247192
3,128,8,2,8,0.5,3000,0.06720395386219025,0.6739326119422913,0.844819188117981,0.9956258535385132
4,128,8,2,8,0.5,4000,0.06994955241680145,0.7751405239105225,0.8456636667251587,0.9440674781799316
5,128,8,2,8,0.5,5000,0.07013998925685883,0.7810263633728027,0.8376474380493164,0.9828038811683655
6,128,8,2,8,0.5,6000,0.06138351187109947,0.6981282234191895,0.8598543405532837,0.9413290023803711
7,128,8,2,8,0.5,7000,0.06745953112840652,0.7728830575942993,0.8780016303062439,0.9928774237632751
8,128,8,2,8,0.5,8000,0.0655083954334259,0.7858577966690063,0.8452301621437073,1.050723671913147
