,do,da,dz,db,chi,iter,recon_loss,act_mse,obs_mse,noi_mse
0,128,8,2,8,0,0,1.6511915922164917,0.9377444386482239,0.004796316847205162,1.0
1,128,8,2,8,0,1000,0.10815052688121796,0.7487884759902954,0.018734481185674667,1.0
2,128,8,2,8,0,2000,0.06121397763490677,0.7494922876358032,0.746802806854248,1.0
3,128,8,2,8,0,3000,0.05928332358598709,0.7500109076499939,0.9025428891181946,1.0
4,128,8,2,8,0,4000,0.05686623975634575,0.7529535293579102,0.9007601737976074,1.0
5,128,8,2,8,0,5000,0.053622204810380936,0.7572603225708008,0.9043464660644531,1.0
